Ensembl ID	Human gene	Mouse gene	Gene description
ENSG00000270647	TAF15	Taf15	TAF15 RNA polymerase II, TATA box binding protein (TBP)-associated factor, 68kDa
ENSG00000244462	RBM12	Rbm12	RNA binding motif protein 12
ENSG00000136231	IGF2BP3	Igf2bp3	insulin-like growth factor 2 mRNA binding protein 3
ENSG00000278619	MRM1	Mrm1	mitochondrial rRNA methyltransferase 1 homolog (S. cerevisiae)
ENSG00000102879	CORO1A	Coro1a	coronin, actin binding protein, 1A
ENSG00000125351	UPF3B	Upf3b	UPF3 regulator of nonsense transcripts homolog B (yeast)
ENSG00000103550	C16orf88	NA	chromosome 16 open reading frame 88
ENSG00000181991	MRPS11	Mrps11	mitochondrial ribosomal protein S11
ENSG00000158417	EIF5B	Eif5b	eukaryotic translation initiation factor 5B
ENSG00000187191	DAZ3	NA	deleted in azoospermia 3
ENSG00000187837	HIST1H1C	NA	histone cluster 1, H1c
ENSG00000103067	ESRP2	Esrp2	epithelial splicing regulatory protein 2
ENSG00000247315	ZCCHC3	Zcchc3	zinc finger, CCHC domain containing 3
ENSG00000096696	DSP	Dsp	desmoplakin
ENSG00000180228	PRKRA	Prkra	protein kinase, interferon-inducible double stranded RNA dependent activator
ENSG00000082898	XPO1	Xpo1	exportin 1 (CRM1 homolog, yeast)
ENSG00000088247	KHSRP	Khsrp	KH-type splicing regulatory protein
ENSG00000137710	RDX	Rdx	radixin
ENSG00000185163	DDX51	Ddx51	DEAD (Asp-Glu-Ala-Asp) box polypeptide 51
ENSG00000233927	RPS28	Rps28	ribosomal protein S28
ENSG00000132819	RBM38	Rbm38	RNA binding motif protein 38
ENSG00000100029	PES1	Pes1	pescadillo ribosomal biogenesis factor 1
ENSG00000122406	RPL5	Rpl5	ribosomal protein L5
ENSG00000063046	EIF4B	Eif4b	eukaryotic translation initiation factor 4B
ENSG00000082153	BZW1	Bzw1	basic leucine zipper and W2 domains 1
ENSG00000128394	APOBEC3F	NA	apolipoprotein B mRNA editing enzyme, catalytic polypeptide-like 3F
ENSG00000108848	LUC7L3	Luc7l3	LUC7-like 3 (S. cerevisiae)
ENSG00000029363	BCLAF1	Bclaf1	BCL2-associated transcription factor 1
ENSG00000124214	STAU1	Stau1	staufen, RNA binding protein, homolog 1 (Drosophila)
ENSG00000124201	ZNFX1	Znfx1	zinc finger, NFX1-type containing 1
ENSG00000168488	ATXN2L	Atxn2l	ataxin 2-like
ENSG00000116299	KIAA1324	NA	KIAA1324
ENSG00000196361	ELAVL3	Elavl3	ELAV (embryonic lethal, abnormal vision, Drosophila)-like 3 (Hu antigen C)
ENSG00000184967	NOC4L	Noc4l	nucleolar complex associated 4 homolog (S. cerevisiae)
ENSG00000124541	RRP36	Rrp36	ribosomal RNA processing 36 homolog (S. cerevisiae)
ENSG00000173230	GOLGB1	Golgb1	golgin B1
ENSG00000244509	APOBEC3C	NA	apolipoprotein B mRNA editing enzyme, catalytic polypeptide-like 3C
ENSG00000205531	NAP1L4	Nap1l4	nucleosome assembly protein 1-like 4
ENSG00000099995	SF3A1	Sf3a1	splicing factor 3a, subunit 1, 120kDa
ENSG00000111732	AICDA	Aicda	activation-induced cytidine deaminase
ENSG00000151846	PABPC3	NA	poly(A) binding protein, cytoplasmic 3
ENSG00000085872	CHERP	Cherp	calcium homeostasis endoplasmic reticulum protein
ENSG00000162244	RPL29	NA	ribosomal protein L29
ENSG00000021776	AQR	Aqr	aquarius homolog (mouse)
ENSG00000163312	HELQ	Helq	helicase, POLQ-like
ENSG00000106803	SEC61B	Sec61b	Sec61 beta subunit
ENSG00000004700	RECQL	Recql	RecQ protein-like (DNA helicase Q1- like)
ENSG00000115761	NOL10	Nol10	nucleolar protein 10
ENSG00000066044	ELAVL1	Elavl1	ELAV (embryonic lethal, abnormal vision, Drosophila)-like 1 (Hu antigen R)
ENSG00000244395	RBMY1D	NA	RNA binding motif protein, Y-linked, family 1, member D
ENSG00000108654	DDX5	Ddx5	DEAD (Asp-Glu-Ala-Asp) box helicase 5
ENSG00000103994	ZFP106	NA	zinc finger protein 106 homolog (mouse)
ENSG00000139168	ZCRB1	Zcrb1	zinc finger CCHC-type and RNA binding motif 1
ENSG00000085760	MTIF2	Mtif2	mitochondrial translational initiation factor 2
ENSG00000103353	UBFD1	Ubfd1	ubiquitin family domain containing 1
ENSG00000124279	FASTKD3	Fastkd3	FAST kinase domains 3
ENSG00000107201	DDX58	Ddx58	DEAD (Asp-Glu-Ala-Asp) box polypeptide 58
ENSG00000164113	ADAD1	Adad1	adenosine deaminase domain containing 1 (testis-specific)
ENSG00000156482	RPL30	Rpl30	ribosomal protein L30
ENSG00000198015	MRPL42	Mrpl42	mitochondrial ribosomal protein L42
ENSG00000166181	API5	Api5	apoptosis inhibitor 5
ENSG00000149532	CPSF7	Cpsf7	cleavage and polyadenylation specific factor 7, 59kDa
ENSG00000125944	HNRNPR	Hnrnpr	heterogeneous nuclear ribonucleoprotein R
ENSG00000160214	RRP1	NA	ribosomal RNA processing 1 homolog (S. cerevisiae)
ENSG00000188643	S100A16	S100a16	S100 calcium binding protein A16
ENSG00000100697	DICER1	Dicer1	dicer 1, ribonuclease type III
ENSG00000147274	RBMX	Rbmx	RNA binding motif protein, X-linked
ENSG00000119616	FCF1	Fcf1	FCF1 small subunit (SSU) processome component homolog (S. cerevisiae)
ENSG00000188739	RBM34	Rbm34	RNA binding motif protein 34
ENSG00000055950	MRPL43	Mrpl43	mitochondrial ribosomal protein L43
ENSG00000084072	PPIE	Ppie	peptidylprolyl isomerase E (cyclophilin E)
ENSG00000182810	DDX28	Ddx28	DEAD (Asp-Glu-Ala-Asp) box polypeptide 28
ENSG00000106682	EIF4H	Eif4h	eukaryotic translation initiation factor 4H
ENSG00000197181	PIWIL2	Piwil2	piwi-like 2 (Drosophila)
ENSG00000163161	ERCC3	Ercc3	excision repair cross-complementing rodent repair deficiency, complementation group 3
ENSG00000198755	RPL10A	Rpl10a	ribosomal protein L10a
ENSG00000131503	ANKHD1	Ankhd1	ankyrin repeat and KH domain containing 1
ENSG00000100227	POLDIP3	Poldip3	polymerase (DNA-directed), delta interacting protein 3
ENSG00000025796	SEC63	Sec63	SEC63 homolog (S. cerevisiae)
ENSG00000074800	ENO1	Eno1	enolase 1, (alpha)
ENSG00000138095	LRPPRC	Lrpprc	leucine-rich pentatricopeptide repeat containing
ENSG00000136527	TRA2B	Tra2b	transformer 2 beta homolog (Drosophila)
ENSG00000168334	XIRP1	Xirp1	xin actin-binding repeat containing 1
ENSG00000187790	FANCM	Fancm	Fanconi anemia, complementation group M
ENSG00000108349	CASC3	Casc3	cancer susceptibility candidate 3
ENSG00000154556	SORBS2	Sorbs2	sorbin and SH3 domain containing 2
ENSG00000185946	RNPC3	Rnpc3	RNA-binding region (RNP1, RRM) containing 3
ENSG00000105321	CCDC9	Ccdc9	coiled-coil domain containing 9
ENSG00000198242	RPL23A	NA	ribosomal protein L23a
ENSG00000205944	DAZ2	Dazl	deleted in azoospermia 2
ENSG00000179051	RCC2	Rcc2	regulator of chromosome condensation 2
ENSG00000108588	CCDC47	Ccdc47	coiled-coil domain containing 47
ENSG00000160213	CSTB	Cstb	cystatin B (stefin B)
ENSG00000087302	C14orf166	NA	chromosome 14 open reading frame 166
ENSG00000146731	CCT6A	Cct6a	chaperonin containing TCP1, subunit 6A (zeta 1)
ENSG00000053372	MRTO4	Mrto4	mRNA turnover 4 homolog (S. cerevisiae)
ENSG00000242265	PEG10	Peg10	paternally expressed 10
ENSG00000121060	TRIM25	Trim25	tripartite motif containing 25
ENSG00000167962	ZNF598	Zfp598	zinc finger protein 598
ENSG00000184863	RBM33	NA	RNA binding motif protein 33
ENSG00000204438	GPANK1	Gpank1	G patch domain and ankyrin repeats 1
ENSG00000126254	RBM42	Rbm42	RNA binding motif protein 42
ENSG00000162782	TDRD5	Tdrd5	tudor domain containing 5
ENSG00000108107	RPL28	Rpl28	ribosomal protein L28
ENSG00000092847	EIF2C1	NA	eukaryotic translation initiation factor 2C, 1
ENSG00000003756	RBM5	Rbm5	RNA binding motif protein 5
ENSG00000147140	NONO	Nono	non-POU domain containing, octamer- binding
ENSG00000091009	RBM27	Rbm27	RNA binding motif protein 27
ENSG00000153113	CAST	Cast	calpastatin
ENSG00000135269	TES	Tes	testis derived transcript (3 LIM domains)
ENSG00000188976	NOC2L	Noc2l	nucleolar complex associated 2 homolog (S. cerevisiae)
ENSG00000167721	TSR1	Tsr1	TSR1, 20S rRNA accumulation, homolog (S. cerevisiae)
ENSG00000124788	ATXN1	Atxn1	ataxin 1
ENSG00000160194	NDUFV3	Ndufv3	NADH dehydrogenase (ubiquinone) flavoprotein 3, 10kDa
ENSG00000132467	UTP3	Utp3	UTP3, small subunit (SSU) processome component, homolog (S. cerevisiae)
ENSG00000067596	DHX8	Dhx8	DEAH (Asp-Glu-Ala-His) box polypeptide 8
ENSG00000080802	CNOT4	Cnot4	CCR4-NOT transcription complex, subunit 4
ENSG00000104129	DNAJC17	Dnajc17	DnaJ (Hsp40) homolog, subfamily C, member 17
ENSG00000169288	MRPL1	Mrpl1	mitochondrial ribosomal protein L1
ENSG00000131013	PPIL4	Ppil4	peptidylprolyl isomerase (cyclophilin)- like 4
ENSG00000111615	KRR1	Krr1	KRR1, small subunit (SSU) processome component, homolog (yeast)
ENSG00000174547	MRPL11	Mrpl11	mitochondrial ribosomal protein L11
ENSG00000090060	PAPOLA	Papola	poly(A) polymerase alpha
ENSG00000048740	CELF2	Celf2	CUGBP, Elav-like family member 2
ENSG00000175718	RBMXL3	NA	RNA binding motif protein, X-linked-like 3
ENSG00000100207	TCF20	Tcf20	transcription factor 20 (AR1)
ENSG00000104824	HNRNPL	Hnrnpl	heterogeneous nuclear ribonucleoprotein L
ENSG00000261236	BOP1	Bop1	block of proliferation 1
ENSG00000106591	MRPL32	Mrpl32	mitochondrial ribosomal protein L32
ENSG00000204388	HSPA1B	Hspa1a	heat shock 70kDa protein 1B
ENSG00000075151	EIF4G3	Eif4g3	eukaryotic translation initiation factor 4 gamma, 3
ENSG00000204356	RDBP	NA	RD RNA binding protein
ENSG00000181381	DDX60L	NA	DEAD (Asp-Glu-Ala-Asp) box polypeptide 60-like
ENSG00000133773	CCDC59	Ccdc59	coiled-coil domain containing 59
ENSG00000120705	ETF1	Etf1	eukaryotic translation termination factor 1
ENSG00000196154	S100A4	S100a4	S100 calcium binding protein A4
ENSG00000105705	SUGP1	Sugp1	SURP and G patch domain containing 1
ENSG00000140988	RPS2	Rps2	ribosomal protein S2
ENSG00000075856	SART3	Sart3	squamous cell carcinoma antigen recognized by T cells 3
ENSG00000111701	APOBEC1	Apobec1	apolipoprotein B mRNA editing enzyme, catalytic polypeptide 1
ENSG00000142534	RPS11	Rps11	ribosomal protein S11
ENSG00000109606	DHX15	Dhx15	DEAH (Asp-Glu-Ala-His) box polypeptide 15
ENSG00000092978	GPATCH2	Gpatch2	G patch domain containing 2
ENSG00000145741	BTF3	Btf3	basic transcription factor 3
ENSG00000132837	DMGDH	Dmgdh	dimethylglycine dehydrogenase
ENSG00000104413	ESRP1	Esrp1	epithelial splicing regulatory protein 1
ENSG00000107949	BCCIP	Bccip	BRCA2 and CDKN1A interacting protein
ENSG00000186416	NKRF	Nkrf	NFKB repressing factor
ENSG00000174748	RPL15	Rpl15	ribosomal protein L15
ENSG00000181610	MRPS23	Mrps23	mitochondrial ribosomal protein S23
ENSG00000123384	LRP1	Lrp1	low density lipoprotein receptor-related protein 1
ENSG00000198034	RPS4X	NA	ribosomal protein S4, X-linked
ENSG00000225921	NOL7	Nol7	nucleolar protein 7, 27kDa
ENSG00000101811	CSTF2	Cstf2	cleavage stimulation factor, 3' pre-RNA, subunit 2, 64kDa
ENSG00000137996	RTCA	Rtca	RNA 3'-terminal phosphate cyclase
ENSG00000152518	ZFP36L2	Zfp36l2	zinc finger protein 36, C3H type-like 2
ENSG00000156976	EIF4A2	Eif4a2	eukaryotic translation initiation factor 4A2
ENSG00000241370	RPP21	Rpp21	ribonuclease P/MRP 21kDa subunit
ENSG00000132773	TOE1	Toe1	target of EGR1, member 1 (nuclear)
ENSG00000182154	MRPL41	Mrpl41	mitochondrial ribosomal protein L41
ENSG00000058600	POLR3E	Polr3e	polymerase (RNA) III (DNA directed) polypeptide E (80kD)
ENSG00000196235	SUPT5H	Supt5	suppressor of Ty 5 homolog (S. cerevisiae)
ENSG00000197157	SND1	Snd1	staphylococcal nuclease and tudor domain containing 1
ENSG00000275700	AATF	Aatf	apoptosis antagonizing transcription factor
ENSG00000197102	DYNC1H1	Dync1h1	dynein, cytoplasmic 1, heavy chain 1
ENSG00000198492	YTHDF2	Ythdf2	YTH domain family, member 2
ENSG00000149136	SSRP1	Ssrp1	structure specific recognition protein 1
ENSG00000163811	WDR43	Wdr43	WD repeat domain 43
ENSG00000076053	RBM7	Rbm7	RNA binding motif protein 7
ENSG00000134453	RBM17	Rbm17	RNA binding motif protein 17
ENSG00000131504	DIAPH1	NA	diaphanous homolog 1 (Drosophila)
ENSG00000107105	ELAVL2	Elavl2	ELAV (embryonic lethal, abnormal vision, Drosophila)-like 2 (Hu antigen B)
ENSG00000111142	METAP2	Metap2	methionyl aminopeptidase 2
ENSG00000141101	NOB1	Nob1	NIN1/RPN12 binding protein 1 homolog (S. cerevisiae)
ENSG00000128739	SNRPN	Snrpn	small nuclear ribonucleoprotein polypeptide N
ENSG00000113649	TCERG1	Tcerg1	transcription elongation regulator 1
ENSG00000109536	FRG1	Frg1	FSHD region gene 1
ENSG00000160710	ADAR	Adar	adenosine deaminase, RNA-specific
ENSG00000178952	TUFM	Tufm	Tu translation elongation factor, mitochondrial
ENSG00000165526	RPUSD4	Rpusd4	RNA pseudouridylate synthase domain containing 4
ENSG00000163002	NUP35	Nup35	nucleoporin 35kDa
ENSG00000198000	NOL8	Nol8	nucleolar protein 8
ENSG00000186566	GPATCH8	Gpatch8	G patch domain containing 8
ENSG00000187024	PTRH1	Ptrh1	peptidyl-tRNA hydrolase 1 homolog (S. cerevisiae)
ENSG00000167526	RPL13	Rpl13	ribosomal protein L13
ENSG00000107864	CPEB3	Cpeb3	cytoplasmic polyadenylation element binding protein 3
ENSG00000146540	C7orf50	NA	chromosome 7 open reading frame 50
ENSG00000218823	PAPOLB	Papolb	poly(A) polymerase beta (testis specific)
ENSG00000196396	PTPN1	Ptpn1	protein tyrosine phosphatase, non- receptor type 1
ENSG00000156110	ADK	Adk	adenosine kinase
ENSG00000108829	LRRC59	Lrrc59	leucine rich repeat containing 59
ENSG00000115484	CCT4	Cct4	chaperonin containing TCP1, subunit 4 (delta)
ENSG00000165629	ATP5C1	NA	ATP synthase, H+ transporting, mitochondrial F1 complex, gamma polypeptide 1
ENSG00000100650	SRSF5	NA	serine/arginine-rich  splicing factor 5
ENSG00000171863	RPS7	Rps7	ribosomal protein S7
ENSG00000064607	SUGP2	Sugp2	SURP and G patch domain containing 2
ENSG00000090621	PABPC4	Pabpc4	poly(A) binding protein, cytoplasmic 4 (inducible form)
ENSG00000138709	LARP1B	NA	La ribonucleoprotein domain family, member 1B
ENSG00000145833	DDX46	Ddx46	DEAD (Asp-Glu-Ala-Asp) box polypeptide 46
ENSG00000166197	NOLC1	NA	nucleolar and coiled-body phosphoprotein 1
ENSG00000143368	SF3B4	Sf3b4	splicing factor 3b, subunit 4, 49kDa
ENSG00000129351	ILF3	Ilf3	interleukin enhancer binding factor 3, 90kDa
ENSG00000105821	DNAJC2	Dnajc2	DnaJ (Hsp40) homolog, subfamily C, member 2
ENSG00000161634	DCD	NA	dermcidin
ENSG00000142546	NOSIP	Nosip	nitric oxide synthase interacting protein
ENSG00000124571	XPO5	Xpo5	exportin 5
ENSG00000135829	DHX9	Dhx9	DEAH (Asp-Glu-Ala-His) box polypeptide 9
ENSG00000119285	HEATR1	Heatr1	HEAT repeat containing 1
ENSG00000151065	DCP1B	Dcp1b	DCP1 decapping enzyme homolog B (S. cerevisiae)
ENSG00000076067	RBMS2	Rbms2	RNA binding motif, single stranded interacting protein 2
ENSG00000167881	SRP68	Srp68	signal recognition particle 68kDa
ENSG00000133112	TPT1	Tpt1	tumor protein, translationally-controlled 1
ENSG00000108771	DHX58	Dhx58	DEXH (Asp-Glu-X-His) box polypeptide 58
ENSG00000213782	DDX47	Ddx47	DEAD (Asp-Glu-Ala-Asp) box polypeptide 47
ENSG00000086758	HUWE1	Huwe1	HECT, UBA and WWE domain containing 1, E3 ubiquitin protein ligase
ENSG00000137628	DDX60	Ddx60	DEAD (Asp-Glu-Ala-Asp) box polypeptide 60
ENSG00000095627	TDRD1	Tdrd1	tudor domain containing 1
ENSG00000100836	PABPN1	Pabpn1	poly(A) binding protein, nuclear 1
ENSG00000170144	HNRNPA3	NA	heterogeneous nuclear ribonucleoprotein A3
ENSG00000156313	RPGR	Rpgr	retinitis pigmentosa GTPase regulator
ENSG00000048162	NOP16	Nop16	NOP16 nucleolar protein homolog (yeast)
ENSG00000198746	GPATCH3	Gpatch3	G patch domain containing 3
ENSG00000155858	LSM11	Lsm11	LSM11, U7 small nuclear RNA associated
ENSG00000111786	SRSF9	Srsf9	serine/arginine-rich  splicing factor 9
ENSG00000138768	USO1	Uso1	USO1 vesicle docking protein homolog (yeast)
ENSG00000108298	RPL19	Rpl19	ribosomal protein L19
ENSG00000105640	RPL18A	Rpl18a	ribosomal protein L18a
ENSG00000169813	HNRNPF	Hnrnpf	heterogeneous nuclear ribonucleoprotein F
ENSG00000073792	IGF2BP2	Igf2bp2	insulin-like growth factor 2 mRNA binding protein 2
ENSG00000100813	ACIN1	Acin1	apoptotic chromatin condensation inducer 1
ENSG00000187051	RPS19BP1	Rps19bp1	ribosomal protein S19 binding protein 1
ENSG00000145216	FIP1L1	NA	FIP1 like 1 (S. cerevisiae)
ENSG00000160818	GPATCH4	Gpatch4	G patch domain containing 4
ENSG00000143799	PARP1	Parp1	poly (ADP-ribose) polymerase 1
ENSG00000103248	MTHFSD	Mthfsd	methenyltetrahydrofolate  synthetase domain containing
ENSG00000162374	ELAVL4	Elavl4	ELAV (embryonic lethal, abnormal vision, Drosophila)-like 4
ENSG00000139343	SNRPF	Snrpf	small nuclear ribonucleoprotein polypeptide F
ENSG00000132305	IMMT	Immt	inner membrane protein, mitochondrial
ENSG00000116350	SRSF4	Srsf4	serine/arginine-rich  splicing factor 4
ENSG00000156990	RPUSD3	Rpusd3	RNA pseudouridylate synthase domain containing 3
ENSG00000115267	IFIH1	Ifih1	interferon induced with helicase C domain 1
ENSG00000116898	MRPS15	Mrps15	mitochondrial ribosomal protein S15
ENSG00000122026	RPL21	Rpl21	ribosomal protein L21
ENSG00000089737	DDX24	Ddx24	DEAD (Asp-Glu-Ala-Asp) box polypeptide 24
ENSG00000099783	HNRNPM	Hnrnpm	heterogeneous nuclear ribonucleoprotein M
ENSG00000204351	SKIV2L	Skiv2l	superkiller viralicidic activity 2-like (S. cerevisiae)
ENSG00000154548	SRSF12	NA	serine/arginine-rich  splicing factor 12
ENSG00000123064	DDX54	Ddx54	DEAD (Asp-Glu-Ala-Asp) box polypeptide 54
ENSG00000137776	SLTM	Sltm	SAFB-like, transcription modulator
ENSG00000114127	XRN1	Xrn1	5'-3' exoribonuclease 1
ENSG00000056586	RC3H2	Rc3h2	ring finger and CCCH-type domains 2
ENSG00000156502	SUPV3L1	Supv3l1	suppressor of var1, 3-like 1 (S. cerevisiae)
ENSG00000134419	RPS15A	Rps15a	ribosomal protein S15a
ENSG00000160957	RECQL4	Recql4	RecQ protein-like 4
ENSG00000103342	GSPT1	Gspt1	G1 to S phase transition 1
ENSG00000103194	USP10	Usp10	ubiquitin specific peptidase 10
ENSG00000092345	DAZL	NA	deleted in azoospermia-like
ENSG00000092820	EZR	Ezr	ezrin
ENSG00000121766	ZCCHC17	Zcchc17	zinc finger, CCHC domain containing 17
ENSG00000173145	NOC3L	Noc3l	nucleolar complex associated 3 homolog (S. cerevisiae)
ENSG00000130826	DKC1	Dkc1	dyskeratosis congenita 1, dyskerin
ENSG00000197728	RPS26P32	NA	ribosomal protein S26 pseudogene 32
ENSG00000112249	ASCC3	Ascc3	activating signal cointegrator 1 complex subunit 3
ENSG00000076770	MBNL3	Mbnl3	muscleblind-like splicing regulator 3
ENSG00000100138	NHP2L1	NA	NHP2 non-histone chromosome protein 2-like 1 (S. cerevisiae)
ENSG00000160752	FDPS	Fdps	farnesyl diphosphate synthase
ENSG00000130707	ASS1	Ass1	argininosuccinate synthase 1
ENSG00000138326	RPS24	Rps24	ribosomal protein S24
ENSG00000204842	ATXN2	Atxn2	ataxin 2
ENSG00000174953	DHX36	Dhx36	DEAH (Asp-Glu-Ala-His) box polypeptide 36
ENSG00000138593	SECISBP2L	Secisbp2l	SECIS binding protein 2-like
ENSG00000139910	NOVA1	Nova1	neuro-oncological ventral antigen 1
ENSG00000137804	NUSAP1	Nusap1	nucleolar and spindle associated protein 1
ENSG00000138035	PNPT1	Pnpt1	polyribonucleotide nucleotidyltransferase  1
ENSG00000234414	RBMY1A1	NA	RNA binding motif protein, Y-linked, family 1, member A1
ENSG00000119707	RBM25	NA	RNA binding motif protein 25
ENSG00000132603	NIP7	Nip7	nuclear import 7 homolog (S. cerevisiae)
ENSG00000170515	PA2G4	Pa2g4	proliferation-associated  2G4, 38kDa
ENSG00000130520	LSM4	Lsm4	LSM4 homolog, U6 small nuclear RNA associated (S. cerevisiae)
ENSG00000105323	HNRNPUL1	Hnrnpul1	heterogeneous nuclear ribonucleoprotein U-like 1
ENSG00000099381	SETD1A	Setd1a	SET domain containing 1A
ENSG00000170748	RBMXL2	Rbmxl2	RNA binding motif protein, X-linked-like 2
ENSG00000121486	TRMT1L	Trmt1l	tRNA methyltransferase 1 homolog (S. cerevisiae)-like
ENSG00000185651	UBE2L3	Ube2l3	ubiquitin-conjugating  enzyme E2L 3
ENSG00000134698	EIF2C4	NA	eukaryotic translation initiation factor 2C, 4
ENSG00000170860	LSM3	Lsm3	LSM3 homolog, U6 small nuclear RNA associated (S. cerevisiae)
ENSG00000089157	RPLP0	Rplp0	ribosomal protein, large, P0
ENSG00000160201	U2AF1	NA	U2 small nuclear RNA auxiliary factor 1
ENSG00000204531	POU5F1	Pou5f1	POU class 5 homeobox 1
ENSG00000128016	ZFP36	Zfp36	zinc finger protein 36, C3H type, homolog (mouse)
ENSG00000181817	LSM10	Lsm10	LSM10, U7 small nuclear RNA associated
ENSG00000155846	PPARGC1B	Ppargc1b	peroxisome proliferator-activated receptor gamma, coactivator 1 beta
ENSG00000182004	SNRPE	NA	small nuclear ribonucleoprotein polypeptide E
ENSG00000110367	DDX6	Ddx6	DEAD (Asp-Glu-Ala-Asp) box helicase 6
ENSG00000137200	FTSJD2	NA	FtsJ methyltransferase domain containing 2
ENSG00000128383	APOBEC3A	NA	apolipoprotein B mRNA editing enzyme, catalytic polypeptide-like 3A
ENSG00000089009	RPL6	Rpl6	ribosomal protein L6
ENSG00000126945	HNRNPH2	Hnrnph2	heterogeneous nuclear ribonucleoprotein H2 (H')
ENSG00000167658	EEF2	Eef2	eukaryotic translation elongation factor 2
ENSG00000100941	PNN	Pnn	pinin, desmosome associated protein
ENSG00000114686	MRPL3	Mrpl3	mitochondrial ribosomal protein L3
ENSG00000181019	NQO1	Nqo1	NAD(P)H dehydrogenase, quinone 1
ENSG00000214022	REPIN1	Repin1	replication initiator 1
ENSG00000132382	MYBBP1A	Mybbp1a	MYB binding protein (P160) 1a
ENSG00000011465	DCN	Dcn	decorin
ENSG00000122299	ZC3H7A	Zc3h7a	zinc finger CCCH-type containing 7A
ENSG00000126653	NSRP1	NA	nuclear speckle splicing regulatory protein 1
ENSG00000177469	PTRF	NA	polymerase I and transcript release factor
ENSG00000048828	FAM120A	Fam120a	family with sequence similarity 120A
ENSG00000168275	COA6	NA	cytochrome c oxidase assembly factor 6 homolog (S. cerevisiae)
ENSG00000084092	NOA1	Noa1	nitric oxide associated 1
ENSG00000125651	GTF2F1	Gtf2f1	general transcription factor IIF, polypeptide 1, 74kDa
ENSG00000083896	YTHDC1	Ythdc1	YTH domain containing 1
ENSG00000172733	PURG	Purg	purine-rich element binding protein G
ENSG00000131981	LGALS3	Lgals3	lectin, galactoside-binding,  soluble, 3
ENSG00000163565	IFI16	Ifi205	interferon, gamma-inducible protein 16
ENSG00000065978	YBX1	Ybx1	Y box binding protein 1
ENSG00000138029	HADHB	Hadhb	hydroxyacyl-CoA dehydrogenase/3- ketoacyl-CoA thiolase/enoyl-CoA hydratase (trifunctional protein), beta subunit
ENSG00000169249	ZRSR2	Zrsr2	zinc finger (CCCH type), RNA-binding motif and serine/arginine rich 2
ENSG00000226941	RBMY1J	NA	RNA binding motif protein, Y-linked, family 1, member J
ENSG00000055609	MLL3	NA	myeloid/lymphoid or mixed-lineage leukemia 3
ENSG00000110104	CCDC86	Ccdc86	coiled-coil domain containing 86
ENSG00000166133	RPUSD2	Rpusd2	RNA pseudouridylate synthase domain containing 2
ENSG00000151923	TIAL1	Tial1	TIA1 cytotoxic granule-associated  RNA binding protein-like 1
ENSG00000174740	PABPC5	Pabpc5	poly(A) binding protein, cytoplasmic 5
ENSG00000163541	SUCLG1	Suclg1	succinate-CoA ligase, alpha subunit
ENSG00000175467	SART1	Sart1	squamous cell carcinoma antigen recognized by T cells
ENSG00000124942	AHNAK	Ahnak	AHNAK nucleoprotein
ENSG00000181163	NPM1	Npm1	nucleophosmin (nucleolar phosphoprotein B23, numatrin)
ENSG00000172053	QARS	NA	glutaminyl-tRNA synthetase
ENSG00000108953	YWHAE	Ywhae	tyrosine 3-monooxygenase/tryptophan 5-monooxygenase activation protein, epsilon polypeptide
ENSG00000123352	SPATS2	Spats2	spermatogenesis associated, serine- rich 2
ENSG00000169871	TRIM56	Trim56	tripartite motif containing 56
ENSG00000135097	MSI1	Msi1	musashi homolog 1 (Drosophila)
ENSG00000155438	MKI67IP	NA	MKI67 (FHA domain) interacting nucleolar phosphoprotein
ENSG00000072274	TFRC	Tfrc	transferrin receptor (p90, CD71)
ENSG00000183258	DDX41	Ddx41	DEAD (Asp-Glu-Ala-Asp) box polypeptide 41
ENSG00000100722	ZC3H14	Zc3h14	zinc finger CCCH-type containing 14
ENSG00000242875	RBMY1B	NA	RNA binding motif protein, Y-linked, family 1, member B
ENSG00000111196	MAGOHB	Magohb	mago-nashi homolog B (Drosophila)
ENSG00000115677	HDLBP	Hdlbp	high density lipoprotein binding protein
ENSG00000048991	R3HDM1	R3hdm1	R3H domain containing 1
ENSG00000257103	LSM14A	Lsm14a	LSM14A, SCD6 homolog A (S. cerevisiae)
ENSG00000105671	DDX49	Ddx49	DEAD (Asp-Glu-Ala-Asp) box polypeptide 49
ENSG00000147905	ZCCHC7	Zcchc7	zinc finger, CCHC domain containing 7
ENSG00000100226	GTPBP1	Gtpbp1	GTP binding protein 1
ENSG00000125207	PIWIL1	Piwil1	piwi-like 1 (Drosophila)
ENSG00000122566	HNRNPA2B1	Hnrnpa2b1	heterogeneous nuclear ribonucleoprotein A2/B1
ENSG00000080007	DDX43	Ddx43	DEAD (Asp-Glu-Ala-Asp) box polypeptide 43
ENSG00000145331	TRMT10A	Trmt10a	tRNA methyltransferase 10 homolog A (S. cerevisiae)
ENSG00000111364	DDX55	Ddx55	DEAD (Asp-Glu-Ala-Asp) box polypeptide 55
ENSG00000114767	RRP9	Rrp9	ribosomal RNA processing 9, small subunit (SSU) processome component, homolog (yeast)
ENSG00000106211	HSPB1	Hspb1	heat shock 27kDa protein 1
ENSG00000126952	NXF5	NA	nuclear RNA export factor 5
ENSG00000047188	YTHDC2	Ythdc2	YTH domain containing 2
ENSG00000007080	CCDC124	Ccdc124	coiled-coil domain containing 124
ENSG00000187955	COL14A1	Col14a1	collagen, type XIV, alpha 1
ENSG00000136026	CKAP4	Ckap4	cytoskeleton-associated  protein 4
ENSG00000151962	RBM46	Rbm46	RNA binding motif protein 46
ENSG00000146223	RPL7L1	Rpl7l1	ribosomal protein L7-like 1
ENSG00000115368	WDR75	Wdr75	WD repeat domain 75
ENSG00000159176	CSRP1	Csrp1	cysteine and glycine-rich protein 1
ENSG00000155508	CNOT8	Cnot8	CCR4-NOT transcription complex, subunit 8
ENSG00000197111	PCBP2	Pcbp2	poly(rC) binding protein 2
ENSG00000169045	HNRNPH1	Hnrnph1	heterogeneous nuclear ribonucleoprotein H1 (H)
ENSG00000139793	MBNL2	Mbnl2	muscleblind-like splicing regulator 2
ENSG00000124701	APOBEC2	Apobec2	apolipoprotein B mRNA editing enzyme, catalytic polypeptide-like 2
ENSG00000143793	C1orf35	NA	chromosome 1 open reading frame 35
ENSG00000143977	SNRPG	NA	small nuclear ribonucleoprotein polypeptide G
ENSG00000087365	SF3B2	Sf3b2	splicing factor 3b, subunit 2, 145kDa
ENSG00000180098	TRNAU1AP	Trnau1ap	tRNA selenocysteine 1 associated protein 1
ENSG00000169564	PCBP1	Pcbp1	poly(rC) binding protein 1
ENSG00000129566	TEP1	Tep1	telomerase-associated  protein 1
ENSG00000131469	RPL27	Rpl27	ribosomal protein L27
ENSG00000134697	GNL2	Gnl2	guanine nucleotide binding protein-like 2 (nucleolar)
ENSG00000164167	LSM6	Lsm6	LSM6 homolog, U6 small nuclear RNA associated (S. cerevisiae)
ENSG00000146834	MEPCE	Mepce	methylphosphate capping enzyme
ENSG00000112081	SRSF3	Srsf3	serine/arginine-rich  splicing factor 3
ENSG00000167005	NUDT21	Nudt21	nudix (nucleoside diphosphate linked moiety X)-type motif 21
ENSG00000008988	RPS20	Rps20	ribosomal protein S20
ENSG00000165392	WRN	Wrn	Werner syndrome, RecQ helicase-like
ENSG00000179218	CALR	Calr	calreticulin
ENSG00000033030	ZCCHC8	Zcchc8	zinc finger, CCHC domain containing 8
ENSG00000164062	APEH	Apeh	N-acylaminoacyl-peptide  hydrolase
ENSG00000136942	RPL35	Rpl35	ribosomal protein L35
ENSG00000174444	RPL4	Rpl4	ribosomal protein L4
ENSG00000044115	CTNNA1	Ctnna1	catenin (cadherin-associated  protein), alpha 1, 102kDa
ENSG00000068784	SRBD1	Srbd1	S1 RNA binding domain 1
ENSG00000106028	SSBP1	Ssbp1	single-stranded DNA binding protein 1, mitochondrial
ENSG00000089280	FUS	NA	fused in sarcoma
ENSG00000079308	TNS1	Tns1	tensin 1
ENSG00000161847	RAVER1	Raver1	ribonucleoprotein, PTB-binding 1
ENSG00000055917	PUM2	Pum2	pumilio homolog 2 (Drosophila)
ENSG00000137449	CPEB2	Cpeb2	cytoplasmic polyadenylation element binding protein 2
ENSG00000011260	UTP18	Utp18	UTP18 small subunit (SSU) processome component homolog (yeast)
ENSG00000151304	SRFBP1	Srfbp1	serum response factor binding protein 1
ENSG00000185298	CCDC137	Ccdc137	coiled-coil domain containing 137
ENSG00000101489	CELF4	Celf4	CUGBP, Elav-like family member 4
ENSG00000176624	MEX3C	Mex3c	mex-3 homolog C (C. elegans)
ENSG00000164104	HMGB2	Hmgb2	high mobility group box 2
ENSG00000143633	C1orf131	NA	chromosome 1 open reading frame 131
ENSG00000164022	AIMP1	Aimp1	aminoacyl tRNA synthetase complex- interacting multifunctional protein 1
ENSG00000104177	MYEF2	Myef2	myelin expression factor 2
ENSG00000129250	KIF1C	Kif1c	kinesin family member 1C
ENSG00000106344	RBM28	Rbm28	RNA binding motif protein 28
ENSG00000168724	DNAJC21	Dnajc21	DnaJ (Hsp40) homolog, subfamily C, member 21
ENSG00000170004	CHD3	Chd3	chromodomain helicase DNA binding protein 3
ENSG00000179950	PUF60	Puf60	poly-U binding splicing factor 60KDa
ENSG00000129347	KRI1	Kri1	KRI1 homolog (S. cerevisiae)
ENSG00000124228	DDX27	Ddx27	DEAD (Asp-Glu-Ala-Asp) box polypeptide 27
ENSG00000158941	KIAA1967	NA	KIAA1967
ENSG00000179912	R3HDM2	R3hdm2	R3H domain containing 2
ENSG00000118246	FASTKD2	Fastkd2	FAST kinase domains 2
ENSG00000112773	FAM46A	NA	family with sequence similarity 46, member A
ENSG00000126777	KTN1	NA	kinectin 1 (kinesin receptor)
ENSG00000158406	HIST1H4H	NA	histone cluster 1, H4h
ENSG00000186666	BCDIN3D	Bcdin3d	BCDIN3 domain containing
ENSG00000182196	ARL6IP4	Arl6ip4	ADP-ribosylation-like  factor 6 interacting protein 4
ENSG00000065183	WDR3	Wdr3	WD repeat domain 3
ENSG00000101361	NOP56	Nop56	NOP56 ribonucleoprotein homolog (yeast)
ENSG00000130255	RPL36	NA	ribosomal protein L36
ENSG00000108469	RECQL5	Recql5	RecQ protein-like 5
ENSG00000107951	MTPAP	Mtpap	mitochondrial poly(A) polymerase
ENSG00000100883	SRP54	Srp54a	signal recognition particle 54kDa
ENSG00000162669	HFM1	Hfm1	HFM1, ATP-dependent DNA helicase homolog (S. cerevisiae)
ENSG00000130749	ZC3H4	Zc3h4	zinc finger CCCH-type containing 4
ENSG00000111057	KRT18	Krt18	keratin 18
ENSG00000138231	DBR1	Dbr1	debranching enzyme homolog 1 (S. cerevisiae)
ENSG00000128191	DGCR8	Dgcr8	DiGeorge syndrome critical region gene 8
ENSG00000124383	MPHOSPH10	Mphosph10	M-phase phosphoprotein 10 (U3 small nucleolar ribonucleoprotein)
ENSG00000197451	HNRNPAB	Hnrnpab	heterogeneous nuclear ribonucleoprotein A/B
ENSG00000135372	NAT10	Nat10	N-acetyltransferase  10 (GCN5-related)
ENSG00000145354	CISD2	Cisd2	CDGSH iron sulfur domain 2
ENSG00000108592	FTSJ3	Ftsj3	FtsJ homolog 3 (E. coli)
ENSG00000152601	MBNL1	Mbnl1	muscleblind-like splicing regulator 1
ENSG00000170889	RPS9	Rps9	ribosomal protein S9
ENSG00000188529	SRSF10	Srsf10	serine/arginine-rich  splicing factor 10
ENSG00000102531	FNDC3A	Fndc3a	fibronectin type III domain containing 3A
ENSG00000152133	CCDC75	NA	coiled-coil domain containing 75
ENSG00000169174	PCSK9	Pcsk9	proprotein convertase subtilisin/kexin type 9
ENSG00000131051	RBM39	Rbm39	RNA binding motif protein 39
ENSG00000188613	NANOS1	Nanos1	nanos homolog 1 (Drosophila)
ENSG00000156414	TDRD9	Tdrd9	tudor domain containing 9
ENSG00000126602	TRAP1	Trap1	TNF receptor-associated  protein 1
ENSG00000005100	DHX33	Dhx33	DEAH (Asp-Glu-Ala-His) box polypeptide 33
ENSG00000184571	PIWIL3	NA	piwi-like 3 (Drosophila)
ENSG00000198917	C9orf114	NA	chromosome 9 open reading frame 114
ENSG00000224470	ATXN1L	Atxn1l	ataxin 1-like
ENSG00000100316	RPL3	Rpl3	ribosomal protein L3
ENSG00000196262	PPIA	Ppia	peptidylprolyl isomerase A (cyclophilin A)
ENSG00000060138	CSDA	NA	cold shock domain protein A
ENSG00000156508	EEF1A1	Eef1a1	eukaryotic translation elongation factor 1 alpha 1
ENSG00000166889	PATL1	Patl1	protein associated with topoisomerase II homolog 1 (yeast)
ENSG00000051341	POLQ	Polq	polymerase (DNA directed), theta
ENSG00000205022	PABPN1L	Pabpn1l	poly(A) binding protein, nuclear 1-like (cytoplasmic)
ENSG00000148688	RPP30	Rpp30	ribonuclease P/MRP 30kDa subunit
ENSG00000184110	EIF3C	Eif3c	eukaryotic translation initiation factor 3, subunit C
ENSG00000132466	ANKRD17	Ankrd17	ankyrin repeat domain 17
ENSG00000173674	EIF1AX	Eif1a	eukaryotic translation initiation factor 1A, X-linked
ENSG00000061936	SFSWAP	Sfswap	splicing factor, suppressor of white- apricot homolog (Drosophila)
ENSG00000106348	IMPDH1	Impdh1	IMP (inosine 5'-monophosphate) dehydrogenase 1
ENSG00000117523	PRRC2C	Prrc2c	proline-rich coiled-coil 2C
ENSG00000115268	RPS15	Rps15	ribosomal protein S15
ENSG00000107581	EIF3A	Eif3a	eukaryotic translation initiation factor 3, subunit A
ENSG00000177483	RBM44	Rbm44	RNA binding motif protein 44
ENSG00000117450	PRDX1	Prdx1	peroxiredoxin 1
ENSG00000104907	TRMT1	Trmt1	tRNA methyltransferase 1 homolog (S. cerevisiae)
ENSG00000067334	DNTTIP2	Dnttip2	deoxynucleotidyltransferase, terminal, interacting protein 2
ENSG00000112531	QKI	Qk	QKI, KH domain containing, RNA binding
ENSG00000109971	HSPA8	Hspa8	heat shock 70kDa protein 8
ENSG00000147586	MRPS28	Mrps28	mitochondrial ribosomal protein S28
ENSG00000107164	FUBP3	Fubp3	far upstream element (FUSE) binding protein 3
ENSG00000168502	SOGA2	NA	SOGA family member 2
ENSG00000116221	MRPL37	Mrpl37	mitochondrial ribosomal protein L37
ENSG00000119922	IFIT2	Ifit2	interferon-induced protein with tetratricopeptide repeats 2
ENSG00000173809	TDRD12	Tdrd12	tudor domain containing 12
ENSG00000239672	NME1	Nme1	NME/NM23 nucleoside diphosphate kinase 1
ENSG00000145220	LYAR	Lyar	Ly1 antibody reactive homolog (mouse)
ENSG00000185736	ADARB2	Adarb2	adenosine deaminase, RNA-specific, B2
ENSG00000105202	FBL	Fbl	fibrillarin
ENSG00000005007	UPF1	Upf1	UPF1 regulator of nonsense transcripts homolog (yeast)
ENSG00000113742	CPEB4	Cpeb4	cytoplasmic polyadenylation element binding protein 4
ENSG00000100320	RBFOX2	Rbfox2	RNA binding protein, fox-1 homolog (C. elegans) 2
ENSG00000115946	PNO1	Pno1	partner of NOB1 homolog (S. cerevisiae)
ENSG00000265241	RBM8A	Rbm8a	RNA binding motif protein 8A
ENSG00000256453	DND1	Dnd1	dead end homolog 1 (zebrafish)
ENSG00000165733	BMS1	Bms1	BMS1 homolog, ribosome assembly protein (yeast)
ENSG00000168438	CDC40	Cdc40	cell division cycle 40 homolog (S. cerevisiae)
ENSG00000146453	PNLDC1	Pnldc1	poly(A)-specific ribonuclease (PARN)- like domain containing 1
ENSG00000130723	PRRC2B	Prrc2b	proline-rich coiled-coil 2B
ENSG00000169800	RBMY1F	NA	RNA binding motif protein, Y-linked, family 1, member F
ENSG00000141526	SLC16A3	Slc16a3	solute carrier family 16, member 3 (monocarboxylic acid transporter 4)
ENSG00000101150	TPD52L2	Tpd52l2	tumor protein D52-like 2
ENSG00000075420	FNDC3B	Fndc3b	fibronectin type III domain containing 3B
ENSG00000139233	LLPH	Llph	LLP homolog, long-term synaptic facilitation (Aplysia)
ENSG00000185650	ZFP36L1	Zfp36l1	zinc finger protein 36, C3H type-like 1
ENSG00000185272	RBM11	Rbm11	RNA binding motif protein 11
ENSG00000142207	URB1	Urb1	URB1 ribosome biogenesis 1 homolog (S. cerevisiae)
ENSG00000141076	CIRH1A	NA	cirrhosis, autosomal recessive 1A (cirhin)
ENSG00000037474	NSUN2	Nsun2	NOP2/Sun RNA methyltransferase family, member 2
ENSG00000137547	MRPL15	Mrpl15	mitochondrial ribosomal protein L15
ENSG00000125835	SNRPB	Snrpb	small nuclear ribonucleoprotein polypeptides B and B1
ENSG00000146963	LUC7L2	Luc7l2	LUC7-like 2 (S. cerevisiae)
ENSG00000259956	RBM15B	Rbm15b	RNA binding motif protein 15B
ENSG00000170027	YWHAG	Ywhag	tyrosine 3-monooxygenase/tryptophan 5-monooxygenase activation protein, gamma polypeptide
ENSG00000102241	HTATSF1	Htatsf1	HIV-1 Tat specific factor 1
ENSG00000133606	MKRN1	Mkrn1	makorin ring finger protein 1
ENSG00000116030	SUMO1	Sumo1	SMT3 suppressor of mif two 3 homolog 1 (S. cerevisiae)
ENSG00000163877	SNIP1	Snip1	Smad nuclear interacting protein 1
ENSG00000117614	SYF2	Syf2	SYF2 homolog, RNA splicing factor (S. cerevisiae)
ENSG00000115875	SRSF7	Srsf7	serine/arginine-rich  splicing factor 7
ENSG00000162664	ZNF326	Zfp326	zinc finger protein 326
ENSG00000178252	WDR6	Wdr6	WD repeat domain 6
ENSG00000247596	TWF2	Twf2	twinfilin, actin-binding protein, homolog 2 (Drosophila)
ENSG00000130254	SAFB2	Safb2	scaffold attachment factor B2
ENSG00000144713	RPL32	NA	ribosomal protein L32
ENSG00000123908	EIF2C2	NA	eukaryotic translation initiation factor 2C, 2
ENSG00000088205	DDX18	Ddx18	DEAD (Asp-Glu-Ala-Asp) box polypeptide 18
ENSG00000132541	HRSP12	NA	heat-responsive protein 12
ENSG00000079246	XRCC5	Xrcc5	X-ray repair complementing defective repair in Chinese hamster cells 5 (double-strand-break  rejoining)
ENSG00000131732	ZCCHC9	Zcchc9	zinc finger, CCHC domain containing 9
ENSG00000112232	KHDRBS2	Khdrbs2	KH domain containing, RNA binding, signal transduction associated 2
ENSG00000162231	NXF1	Nxf1	nuclear RNA export factor 1
ENSG00000215301	DDX3X	Ddx3x	DEAD (Asp-Glu-Ala-Asp) box polypeptide 3, X-linked
ENSG00000120800	UTP20	Utp20	UTP20, small subunit (SSU) processome component, homolog (yeast)
ENSG00000136270	TBRG4	Tbrg4	transforming growth factor beta regulator 4
ENSG00000138668	HNRNPD	Hnrnpd	heterogeneous nuclear ribonucleoprotein D (AU-rich element RNA binding protein 1, 37kDa)
ENSG00000106263	EIF3B	Eif3b	eukaryotic translation initiation factor 3, subunit B
ENSG00000107833	NPM3	Npm3	nucleophosmin/nucleoplasmin 3
ENSG00000100028	SNRPD3	Snrpd3	small nuclear ribonucleoprotein D3 polypeptide 18kDa
ENSG00000067248	DHX29	Dhx29	DEAH (Asp-Glu-Ala-His) box polypeptide 29
ENSG00000187772	LIN28B	Lin28b	lin-28 homolog B (C. elegans)
ENSG00000167264	DUS2L	NA	dihydrouridine synthase 2-like, SMM1 homolog (S. cerevisiae)
ENSG00000184220	CMSS1	Cmss1	cms1 ribosomal small subunit homolog (yeast)
ENSG00000124614	RPS10	Rps10	ribosomal protein S10
ENSG00000096384	HSP90AB1	Hsp90ab1	heat shock protein 90kDa alpha (cytosolic), class B member 1
ENSG00000170627	GTSF1	Gtsf1	gametocyte specific factor 1
ENSG00000239713	APOBEC3G	NA	apolipoprotein B mRNA editing enzyme, catalytic polypeptide-like 3G
ENSG00000144381	HSPD1	Hspd1	heat shock 60kDa protein 1 (chaperonin)
ENSG00000142541	RPL13A	Rpl13a	ribosomal protein L13a
ENSG00000183431	SF3A3	Sf3a3	splicing factor 3a, subunit 3, 60kDa
ENSG00000169710	FASN	Fasn	fatty acid synthase
ENSG00000125970	RALY	Raly	RNA binding protein, autoantigenic (hnRNP-associated  with lethal yellow homolog (mouse))
ENSG00000173575	CHD2	Chd2	chromodomain helicase DNA binding protein 2
ENSG00000129317	PUS7L	Pus7l	pseudouridylate synthase 7 homolog (S. cerevisiae)-like
ENSG00000145912	NHP2	Nhp2	NHP2 ribonucleoprotein homolog (yeast)
ENSG00000156697	UTP14A	Utp14a	UTP14, U3 small nucleolar ribonucleoprotein, homolog A (yeast)
ENSG00000130956	HABP4	Habp4	hyaluronan binding protein 4
ENSG00000100764	PSMC1	Psmc1	proteasome (prosome, macropain) 26S subunit, ATPase, 1
ENSG00000205916	DAZ4	NA	deleted in azoospermia 4
ENSG00000212643	ZRSR1	NA	zinc finger (CCCH type), RNA-binding motif and serine/arginine rich 1
ENSG00000146701	MDH2	Mdh2	malate dehydrogenase 2, NAD (mitochondrial)
ENSG00000078328	RBFOX1	Rbfox1	RNA binding protein, fox-1 homolog (C. elegans) 1
ENSG00000182899	RPL35A	Rpl35a	ribosomal protein L35a
ENSG00000242389	RBMY1E	NA	RNA binding motif protein, Y-linked, family 1, member E
ENSG00000047315	POLR2B	Polr2b	polymerase (RNA) II (DNA directed) polypeptide B, 140kDa
ENSG00000125977	EIF2S2	Eif2s2	eukaryotic translation initiation factor 2, subunit 2 beta, 38kDa
ENSG00000204574	ABCF1	Abcf1	ATP-binding cassette, sub-family F (GCN20), member 1
ENSG00000134744	ZCCHC11	NA	zinc finger, CCHC domain containing 11
ENSG00000137876	RSL24D1	Rsl24d1	ribosomal L24 domain containing 1
ENSG00000030582	GRN	Grn	granulin
ENSG00000119711	ALDH6A1	Aldh6a1	aldehyde dehydrogenase 6 family, member A1
ENSG00000197299	BLM	Blm	Bloom syndrome, RecQ helicase-like
ENSG00000142937	RPS8	Rps8	ribosomal protein S8
ENSG00000155506	LARP1	Larp1	La ribonucleoprotein domain family, member 1
ENSG00000167004	PDIA3	Pdia3	protein disulfide isomerase family A, member 3
ENSG00000089220	PEBP1	Pebp1	phosphatidylethanolamine binding protein 1
ENSG00000063244	U2AF2	U2af2	U2 small nuclear RNA auxiliary factor 2
ENSG00000121774	KHDRBS1	Khdrbs1	KH domain containing, RNA binding, signal transduction associated 1
ENSG00000168066	SF1	NA	splicing factor 1
ENSG00000158545	ZC3H18	Zc3h18	zinc finger CCCH-type containing 18
ENSG00000132591	ERAL1	Eral1	Era G-protein-like 1 (E. coli)
ENSG00000132341	RAN	Ran	RAN, member RAS oncogene family
ENSG00000144028	SNRNP200	Snrnp200	small nuclear ribonucleoprotein 200kDa (U5)
ENSG00000133858	ZFC3H1	Zfc3h1	zinc finger, C3H1-type containing
ENSG00000130332	LSM7	Lsm7	LSM7 homolog, U6 small nuclear RNA associated (S. cerevisiae)
ENSG00000184388	PABPC1L2B	NA	poly(A) binding protein, cytoplasmic 1- like 2B
ENSG00000092201	SUPT16H	Supt16	suppressor of Ty 16 homolog (S. cerevisiae)
ENSG00000136271	DDX56	Ddx56	DEAD (Asp-Glu-Ala-Asp) box helicase 56
ENSG00000095139	ARCN1	Arcn1	archain 1
ENSG00000135482	ZC3H10	Zc3h10	zinc finger CCCH-type containing 10
ENSG00000177971	IMP3	Imp3	IMP3, U3 small nucleolar ribonucleoprotein, homolog (yeast)
ENSG00000256968	SNRPEP2	NA	small nuclear ribonucleoprotein polypeptide E pseudogene 2
ENSG00000122870	BICC1	Bicc1	bicaudal C homolog 1 (Drosophila)
ENSG00000100220	C22orf28	NA	chromosome 22 open reading frame 28
ENSG00000125485	DDX31	Ddx31	DEAD (Asp-Glu-Ala-Asp) box polypeptide 31
ENSG00000182872	RBM10	Rbm10	RNA binding motif protein 10
ENSG00000173914	RBM4B	Rbm4b	RNA binding motif protein 4B
ENSG00000273899	NOL12	Nol12	nucleolar protein 12
ENSG00000140955	ADAD2	Adad2	adenosine deaminase domain containing 2
ENSG00000132153	DHX30	Dhx30	DEAH (Asp-Glu-Ala-His) box polypeptide 30
ENSG00000147403	RPL10	Rpl10	ribosomal protein L10
ENSG00000184735	DDX53	NA	DEAD (Asp-Glu-Ala-Asp) box polypeptide 53
ENSG00000204560	DHX16	Dhx16	DEAH (Asp-Glu-Ala-His) box polypeptide 16
ENSG00000196335	STK31	Stk31	serine/threonine kinase 31
ENSG00000215251	FASTKD5	Fastkd5	FAST kinase domains 5
ENSG00000204599	TRIM39	Trim39	tripartite motif containing 39
ENSG00000080608	KIAA0020	NA	KIAA0020
ENSG00000126524	SBDS	Sbds	Shwachman-Bodian-Diamond syndrome
ENSG00000100038	TOP3B	Top3b	topoisomerase (DNA) III beta
ENSG00000080824	HSP90AA1	Hsp90aa1	heat shock protein 90kDa alpha (cytosolic), class A member 1
ENSG00000174243	DDX23	Ddx23	DEAD (Asp-Glu-Ala-Asp) box polypeptide 23
ENSG00000111605	CPSF6	Cpsf6	cleavage and polyadenylation specific factor 6, 68kDa
ENSG00000105058	FAM32A	Fam32a	family with sequence similarity 32, member A
ENSG00000183751	TBL3	Tbl3	transducin (beta)-like 3
ENSG00000105939	ZC3HAV1	Zc3hav1	zinc finger CCCH-type, antiviral 1
ENSG00000186288	PABPC1L2A	NA	poly(A) binding protein, cytoplasmic 1- like 2A
ENSG00000138646	HERC5	NA	HECT and RLD domain containing E3 ubiquitin protein ligase 5
ENSG00000259224	SLC35G6	Slc35g3	solute carrier family 35, member G6
ENSG00000182117	NOP10	Nop10	NOP10 ribonucleoprotein homolog (yeast)
ENSG00000213516	RBMXL1	NA	RNA binding motif protein, X-linked-like 1
ENSG00000100353	EIF3D	Eif3d	eukaryotic translation initiation factor 3, subunit D
ENSG00000011304	PTBP1	Ptbp1	polypyrimidine tract binding protein 1
ENSG00000067048	DDX3Y	Ddx3y	DEAD (Asp-Glu-Ala-Asp) box polypeptide 3, Y-linked
ENSG00000188549	C15orf52	NA	chromosome 15 open reading frame 52
ENSG00000174780	SRP72	Srp72	signal recognition particle 72kDa
ENSG00000134186	PRPF38B	Prpf38b	PRP38 pre-mRNA processing factor 38 (yeast) domain containing B
ENSG00000147649	MTDH	Mtdh	metadherin
ENSG00000175573	C11orf68	AI837181	chromosome 11 open reading frame 68
ENSG00000168439	STIP1	Stip1	stress-induced-phosphoprotein 1
ENSG00000185129	PURA	Pura	purine-rich element binding protein A
ENSG00000138398	PPIG	Ppig	peptidylprolyl isomerase G (cyclophilin G)
ENSG00000135387	CAPRIN1	Caprin1	cell cycle associated protein 1
ENSG00000157110	RBPMS	Rbpms	RNA binding protein with multiple splicing
ENSG00000149257	SERPINH1	Serpinh1	serpin peptidase inhibitor, clade H (heat shock protein 47), member 1, (collagen binding protein 1)
ENSG00000134644	PUM1	Pum1	pumilio homolog 1 (Drosophila)
ENSG00000167112	TRUB2	Trub2	TruB pseudouridine (psi) synthase homolog 2 (E. coli)
ENSG00000123838	C4BPA	NA	complement component 4 binding protein, alpha
ENSG00000138399	FASTKD1	Fastkd1	FAST kinase domains 1
ENSG00000198791	CNOT7	Cnot7	CCR4-NOT transcription complex, subunit 7
ENSG00000215472	RPL17	Rpl17	ribosomal protein L17
ENSG00000156531	PHF6	Phf6	PHD finger protein 6
ENSG00000121274	PAPD5	NA	PAP associated domain containing 5
ENSG00000183808	RBM12B	Rbm12b1	RNA binding motif protein 12B
ENSG00000105856	HBP1	Hbp1	HMG-box transcription factor 1
ENSG00000161547	SRSF2	Srsf2	serine/arginine-rich  splicing factor 2
ENSG00000130303	BST2	NA	bone marrow stromal cell antigen 2
ENSG00000147604	RPL7	Rpl7	ribosomal protein L7
ENSG00000179873	NLRP11	NA	NLR family, pyrin domain containing 11
ENSG00000131773	KHDRBS3	Khdrbs3	KH domain containing, RNA binding, signal transduction associated 3
ENSG00000091542	ALKBH5	Alkbh5	alkB, alkylation repair homolog 5 (E. coli)
ENSG00000047597	NA	NA	neuroacanthocytosis
ENSG00000115421	PAPOLG	Papolg	poly(A) polymerase gamma
ENSG00000039123	SKIV2L2	NA	superkiller viralicidic activity 2-like 2 (S. cerevisiae)
ENSG00000135114	OASL	Oasl1	2'-5'-oligoadenylate  synthetase-like
ENSG00000105618	PRPF31	Prpf31	PRP31 pre-mRNA processing factor 31 homolog (S. cerevisiae)
ENSG00000161016	RPL8	Rpl8	ribosomal protein L8
ENSG00000136810	TXN	Txn1	thioredoxin
ENSG00000117395	EBNA1BP2	Ebna1bp2	EBNA1 binding protein 2
ENSG00000120948	TARDBP	Tardbp	TAR DNA binding protein
ENSG00000159217	IGF2BP1	Igf2bp1	insulin-like growth factor 2 mRNA binding protein 1
ENSG00000122965	RBM19	Rbm19	RNA binding motif protein 19
ENSG00000071626	DAZAP1	NA	DAZ associated protein 1
ENSG00000145907	G3BP1	G3bp1	GTPase activating protein (SH3 domain) binding protein 1
ENSG00000100410	PHF5A	Phf5a	PHD finger protein 5A
ENSG00000087087	SRRT	Srrt	serrate RNA effector molecule homolog (Arabidopsis)
ENSG00000083223	ZCCHC6	NA	zinc finger, CCHC domain containing 6
ENSG00000086102	NFX1	Nfx1	nuclear transcription factor, X-box binding 1
ENSG00000168827	GFM1	Gfm1	G elongation factor, mitochondrial 1
ENSG00000112996	MRPS30	Mrps30	mitochondrial ribosomal protein S30
ENSG00000055483	USP36	Usp36	ubiquitin specific peptidase 36
ENSG00000243811	APOBEC3D	NA	apolipoprotein B mRNA editing enzyme, catalytic polypeptide-like 3D
ENSG00000108010	GLRX3	Glrx3	glutaredoxin 3
ENSG00000029639	TFB1M	Tfb1m	transcription factor B1, mitochondrial
ENSG00000129245	FXR2	Fxr2	fragile X mental retardation, autosomal homolog 2
ENSG00000171490	RSL1D1	Rsl1d1	ribosomal L1 domain containing 1
ENSG00000089682	RBM41	Rbm41	RNA binding motif protein 41
ENSG00000177733	HNRNPA0	Hnrnpa0	heterogeneous nuclear ribonucleoprotein A0
ENSG00000161960	EIF4A1	Eif4a1	eukaryotic translation initiation factor 4A1
ENSG00000160633	SAFB	Safb	scaffold attachment factor B
ENSG00000065548	ZC3H15	NA	zinc finger CCCH-type containing 15
ENSG00000089597	GANAB	Ganab	glucosidase, alpha; neutral AB
ENSG00000075292	ZNF638	NA	zinc finger protein 638
ENSG00000189306	RRP7A	Rrp7a	ribosomal RNA processing 7 homolog A (S. cerevisiae)
ENSG00000159409	CELF3	Celf3	CUGBP, Elav-like family member 3
ENSG00000177192	PUS1	Pus1	pseudouridylate synthase 1
ENSG00000149658	YTHDF1	Ythdf1	YTH domain family, member 1
ENSG00000151461	UPF2	Upf2	UPF2 regulator of nonsense transcripts homolog (yeast)
ENSG00000100354	TNRC6B	Tnrc6b	trinucleotide repeat containing 6B
ENSG00000099899	TRMT2A	Trmt2a	tRNA methyltransferase 2 homolog A (S. cerevisiae)
ENSG00000144635	DYNC1LI1	Dync1li1	dynein, cytoplasmic 1, light intermediate chain 1
ENSG00000183570	PCBP3	Pcbp3	poly(rC) binding protein 3
ENSG00000059378	PARP12	Parp12	poly (ADP-ribose) polymerase family, member 12
ENSG00000112306	RPS12	Rps12	ribosomal protein S12
ENSG00000182718	ANXA2	Anxa2	annexin A2
ENSG00000143321	HDGF	Hdgf	hepatoma-derived growth factor
ENSG00000074356	C17orf85	NA	chromosome 17 open reading frame 85
ENSG00000136854	STXBP1	Stxbp1	syntaxin binding protein 1
ENSG00000144161	ZC3H8	Zc3h8	zinc finger CCCH-type containing 8
ENSG00000153914	SREK1	Srek1	splicing regulatory glutamine/lysine-rich protein 1
ENSG00000198231	DDX42	Ddx42	DEAD (Asp-Glu-Ala-Asp) box polypeptide 42
ENSG00000115524	SF3B1	Sf3b1	splicing factor 3b, subunit 1, 155kDa
ENSG00000146109	ABT1	Abt1	activator of basal transcription 1
ENSG00000189369	GSPT2	Gspt2	G1 to S phase transition 2
ENSG00000105127	AKAP8	Akap8	A kinase (PRKA) anchor protein 8
ENSG00000140694	PARN	Parn	poly(A)-specific ribonuclease
ENSG00000134001	EIF2S1	Eif2s1	eukaryotic translation initiation factor 2, subunit 1 alpha, 35kDa
ENSG00000109534	GAR1	NA	GAR1 ribonucleoprotein homolog (yeast)
ENSG00000198265	HELZ	Helz	helicase with zinc finger
ENSG00000131914	LIN28A	Lin28a	lin-28 homolog A (C. elegans)
ENSG00000138303	ASCC1	Ascc1	activating signal cointegrator 1 complex subunit 1
ENSG00000153250	RBMS1	Rbms1	RNA binding motif, single stranded interacting protein 1
ENSG00000005022	SLC25A5	Slc25a5	solute carrier family 25 (mitochondrial carrier; adenine nucleotide translocator), member 5
ENSG00000163950	SLBP	Slbp	stem-loop binding protein
ENSG00000087269	NOP14	Nop14	NOP14 nucleolar protein homolog (yeast)
ENSG00000132676	DAP3	Dap3	death associated protein 3
ENSG00000159840	ZYX	Zyx	zyxin
ENSG00000102081	FMR1	Fmr1	fragile X mental retardation 1
ENSG00000130305	NSUN5	Nsun5	NOP2/Sun domain family, member 5
ENSG00000055332	EIF2AK2	Eif2ak2	eukaryotic translation initiation factor 2- alpha kinase 2
ENSG00000060339	CCAR1	Ccar1	cell division cycle and apoptosis regulator 1
ENSG00000263465	SRSF8	NA	serine/arginine-rich  splicing factor 8
ENSG00000169714	CNBP	Cnbp	CCHC-type zinc finger, nucleic acid binding protein
ENSG00000165271	NOL6	Nol6	nucleolar protein family 6 (RNA- associated)
ENSG00000121390	PSPC1	Pspc1	paraspeckle component 1
ENSG00000187556	NANOS3	Nanos3	nanos homolog 3 (Drosophila)
ENSG00000116747	TROVE2	NA	TROVE domain family, member 2
ENSG00000040341	STAU2	Stau2	staufen, RNA binding protein, homolog 2 (Drosophila)
ENSG00000101104	PABPC1L	Pabpc1l	poly(A) binding protein, cytoplasmic 1- like
ENSG00000139218	SCAF11	Scaf11	SR-related CTD-associated factor 11
ENSG00000144048	DUSP11	Dusp11	dual specificity phosphatase 11 (RNA/RNP complex 1-interacting)
ENSG00000163798	SLC4A1AP	Slc4a1ap	solute carrier family 4 (anion exchanger), member 1, adaptor protein
ENSG00000166173	LARP6	Larp6	La ribonucleoprotein domain family, member 6
ENSG00000143319	ISG20L2	Isg20l2	interferon stimulated exonuclease gene 20kDa-like 2
ENSG00000182934	SRPR	NA	signal recognition particle receptor (docking protein)
ENSG00000180113	TDRD6	Tdrd6	tudor domain containing 6
ENSG00000082516	GEMIN5	Gemin5	gem (nuclear organelle) associated protein 5
ENSG00000088930	XRN2	Xrn2	5'-3' exoribonuclease 2
ENSG00000160208	RRP1B	Rrp1b	ribosomal RNA processing 1 homolog B (S. cerevisiae)
ENSG00000188846	RPL14	Rpl14	ribosomal protein L14
ENSG00000168807	SNTB2	Sntb2	syntrophin, beta 2 (dystrophin- associated protein A1, 59kDa, basic component 2)
ENSG00000146676	PURB	Purb	purine-rich element binding protein B
ENSG00000116560	SFPQ	Sfpq	splicing factor proline/glutamine-rich
ENSG00000106638	TBL2	Tbl2	transducin (beta)-like 2
ENSG00000131018	SYNE1	Syne1	spectrin repeat containing, nuclear envelope 1
ENSG00000171858	RPS21	Rps21	ribosomal protein S21
ENSG00000100403	ZC3H7B	Zc3h7b	zinc finger CCCH-type containing 7B
ENSG00000164924	YWHAZ	Ywhaz	tyrosine 3-monooxygenase/tryptophan 5-monooxygenase activation protein, zeta polypeptide
ENSG00000101138	CSTF1	Cstf1	cleavage stimulation factor, 3' pre-RNA, subunit 1, 50kDa
ENSG00000132972	RNF17	Rnf17	ring finger protein 17
ENSG00000172172	MRPL13	Mrpl13	mitochondrial ribosomal protein L13
ENSG00000197114	ZGPAT	Zgpat	zinc finger, CCCH-type with G patch domain
ENSG00000124795	DEK	Dek	DEK oncogene
ENSG00000125445	MRPS7	Mrps7	mitochondrial ribosomal protein S7
ENSG00000170935	NCBP2L	NA	nuclear cap binding protein subunit 2- like
ENSG00000197381	ADARB1	Adarb1	adenosine deaminase, RNA-specific, B1
ENSG00000152234	ATP5A1	NA	ATP synthase, H+ transporting, mitochondrial F1 complex, alpha subunit 1, cardiac muscle
ENSG00000188425	NANOS2	Nanos2	nanos homolog 2 (Drosophila)
ENSG00000187742	SECISBP2	Secisbp2	SECIS binding protein 2
ENSG00000004534	RBM6	Rbm6	RNA binding motif protein 6
ENSG00000135250	SRPK2	Srpk2	SRSF protein kinase 2
ENSG00000120658	ENOX1	Enox1	ecto-NOX disulfide-thiol exchanger 1
ENSG00000181378	CCDC108	NA	coiled-coil domain containing 108
ENSG00000113013	HSPA9	Hspa9	heat shock 70kDa protein 9 (mortalin)
ENSG00000171056	PINX1	Pinx1	PIN2/TERF1 interacting, telomerase inhibitor 1
ENSG00000274523	WBSCR16	NA	Williams-Beuren syndrome chromosome region 16
ENSG00000083544	TDRD3	Tdrd3	tudor domain containing 3
ENSG00000269437	NXF2B	Nxf2	nuclear RNA export factor 2B
ENSG00000115053	NCL	Ncl	nucleolin
ENSG00000117419	ERI3	Eri3	ERI1 exoribonuclease family member 3
ENSG00000125691	RPL23	Rpl23	ribosomal protein L23
ENSG00000128534	NAA38	Naa38	N(alpha)-acetyltransferase 38, NatC auxiliary subunit
ENSG00000130810	PPAN	Ppan	peter pan homolog (Drosophila)
ENSG00000163946	FAM208A	NA	family with sequence similarity 208, member A
ENSG00000185624	P4HB	P4hb	prolyl 4-hydroxylase, beta polypeptide
ENSG00000177613	CSTF2T	Cstf2t	cleavage stimulation factor, 3' pre-RNA, subunit 2, 64kDa, tau variant
ENSG00000134627	PIWIL4	Piwil4	piwi-like 4 (Drosophila)
ENSG00000135316	SYNCRIP	Syncrip	synaptotagmin binding, cytoplasmic RNA interacting protein
ENSG00000105373	GLTSCR2	NA	glioma tumor suppressor candidate region gene 2
ENSG00000198900	TOP1	Top1	topoisomerase (DNA) I
ENSG00000020577	SAMD4A	Samd4	sterile alpha motif domain containing 4A
ENSG00000116754	SRSF11	Srsf11	serine/arginine-rich  splicing factor 11
ENSG00000164548	TRA2A	Tra2a	transformer 2 alpha homolog (Drosophila)
ENSG00000153187	HNRNPU	Hnrnpu	heterogeneous nuclear ribonucleoprotein U (scaffold attachment factor A)
ENSG00000047410	TPR	Tpr	translocated promoter region, nuclear basket protein
ENSG00000164934	DCAF13	Dcaf13	DDB1 and CUL4 associated factor 13
ENSG00000143621	ILF2	Ilf2	interleukin enhancer binding factor 2, 45kDa
ENSG00000130935	NOL11	Nol11	nucleolar protein 11
ENSG00000164346	NSA2	Nsa2	NSA2 ribosome biogenesis homolog (S. cerevisiae)
ENSG00000164338	UTP15	Utp15	UTP15, U3 small nucleolar ribonucleoprotein, homolog (S. cerevisiae)
ENSG00000111641	NOP2	Nop2	NOP2 nucleolar protein homolog (yeast)
ENSG00000091127	PUS7	Pus7	pseudouridylate synthase 7 homolog (S. cerevisiae)
ENSG00000100109	TFIP11	Tfip11	tuftelin interacting protein 11
ENSG00000159140	SON	Son	SON DNA binding protein
ENSG00000169057	MECP2	Mecp2	methyl CpG binding protein 2 (Rett syndrome)
ENSG00000115866	DARS	NA	aspartyl-tRNA synthetase
ENSG00000152332	UHMK1	Uhmk1	U2AF homology motif (UHM) kinase 1
ENSG00000161082	CELF5	Celf5	CUGBP, Elav-like family member 5
ENSG00000140259	MFAP1	Mfap1a	microfibrillar-associated  protein 1
ENSG00000185728	YTHDF3	Ythdf3	YTH domain family, member 3
ENSG00000087077	TRIP6	Trip6	thyroid hormone receptor interactor 6
ENSG00000070814	TCOF1	Tcof1	Treacher Collins-Franceschetti syndrome 1
ENSG00000126070	EIF2C3	NA	eukaryotic translation initiation factor 2C, 3
ENSG00000278845	MRPL45	Mrpl45	mitochondrial ribosomal protein L45
ENSG00000103275	UBE2I	Ube2i	ubiquitin-conjugating  enzyme E2I
ENSG00000141543	EIF4A3	Eif4a3	eukaryotic translation initiation factor 4A3
ENSG00000181588	MEX3D	Mex3d	mex-3 homolog D (C. elegans)
ENSG00000096746	HNRNPH3	Hnrnph3	heterogeneous nuclear ribonucleoprotein H3 (2H9)
ENSG00000112183	RBM24	Rbm24	RNA binding motif protein 24
ENSG00000197498	RPF2	Rpf2	ribosome production factor 2 homolog (S. cerevisiae)
ENSG00000055044	NOP58	Nop58	NOP58 ribonucleoprotein homolog (yeast)
ENSG00000066654	THUMPD1	Thumpd1	THUMP domain containing 1
ENSG00000079841	RIMS1	Rims1	regulating synaptic membrane exocytosis 1
ENSG00000052749	RRP12	Rrp12	ribosomal RNA processing 12 homolog (S. cerevisiae)
ENSG00000265236	SNORD84	NA	small nucleolar RNA, C/D box 84
ENSG00000100802	C14orf93	NA	chromosome 14 open reading frame 93
ENSG00000204392	LSM2	Lsm2	LSM2 homolog, U6 small nuclear RNA associated (S. cerevisiae)
ENSG00000079785	DDX1	Ddx1	DEAD (Asp-Glu-Ala-Asp) box helicase 1
ENSG00000166831	RBPMS2	Rbpms2	RNA binding protein with multiple splicing 2
ENSG00000110321	EIF4G2	Eif4g2	eukaryotic translation initiation factor 4 gamma, 2
ENSG00000198563	DDX39B	Ddx39b	DEAD (Asp-Glu-Ala-Asp) box polypeptide 39B
ENSG00000144642	RBMS3	Rbms3	RNA binding motif, single stranded interacting protein 3
ENSG00000132300	PTCD3	Ptcd3	pentatricopeptide repeat domain 3
ENSG00000149187	CELF1	NA	CUGBP, Elav-like family member 1
ENSG00000105364	MRPL4	Mrpl4	mitochondrial ribosomal protein L4
ENSG00000179750	APOBEC3B	Apobec3	apolipoprotein B mRNA editing enzyme, catalytic polypeptide-like 3B
ENSG00000119953	SMNDC1	Smndc1	survival motor neuron domain containing 1
ENSG00000070756	PABPC1	Pabpc1	poly(A) binding protein, cytoplasmic 1
ENSG00000138757	G3BP2	G3bp2	GTPase activating protein (SH3 domain) binding protein 2
ENSG00000107929	LARP4B	Larp4b	La ribonucleoprotein domain family, member 4B
ENSG00000204576	PRR3	Prr3	proline rich 3
ENSG00000148843	PDCD11	Pdcd11	programmed cell death 11
ENSG00000104112	SCG3	Scg3	secretogranin III
ENSG00000129460	NGDN	Ngdn	neuroguidin, EIF4E binding protein
ENSG00000054118	THRAP3	Thrap3	thyroid hormone receptor associated protein 3
ENSG00000167978	SRRM2	NA	serine/arginine repetitive matrix 2
ENSG00000086504	MRPL28	Mrpl28	mitochondrial ribosomal protein L28
ENSG00000102317	RBM3	Rbm3	RNA binding motif (RNP1, RRM) protein 3
ENSG00000107223	EDF1	Edf1	endothelial differentiation-related  factor 1
ENSG00000162613	FUBP1	Fubp1	far upstream element (FUSE) binding protein 1
ENSG00000134987	WDR36	Wdr36	WD repeat domain 36
ENSG00000174720	LARP7	Larp7	La ribonucleoprotein domain family, member 7
ENSG00000239306	RBM14	Rbm14	RNA binding motif protein 14
ENSG00000173545	ZNF622	Zfp622	zinc finger protein 622
ENSG00000168003	SLC3A2	Slc3a2	solute carrier family 3 (activators of dibasic and neutral amino acid transport), member 2
ENSG00000164896	FASTK	Fastk	Fas-activated serine/threonine kinase
ENSG00000049883	PTCD2	Ptcd2	pentatricopeptide repeat domain 2
ENSG00000189060	H1F0	NA	H1 histone family, member 0
ENSG00000140488	CELF6	NA	CUGBP, Elav-like family member 6
ENSG00000116750	UCHL5	Uchl5	ubiquitin carboxyl-terminal hydrolase L5
ENSG00000173769	TOPAZ1	Topaz1	testis and ovary specific PAZ domain containing 1
ENSG00000162775	RBM15	Rbm15	RNA binding motif protein 15
ENSG00000152430	BOLL	Boll	bol, boule-like (Drosophila)
ENSG00000173933	RBM4	Rbm4	RNA binding motif protein 4
ENSG00000104897	SF3A2	NA	splicing factor 3a, subunit 2, 66kDa
ENSG00000198919	DZIP3	Dzip3	DAZ interacting protein 3, zinc finger
ENSG00000132478	UNK	Unk	unkempt homolog (Drosophila)
ENSG00000116251	RPL22	Rpl22	ribosomal protein L22
ENSG00000100201	DDX17	Ddx17	DEAD (Asp-Glu-Ala-Asp) box helicase 17
ENSG00000083845	RPS5	Rps5	ribosomal protein S5
ENSG00000135870	RC3H1	Rc3h1	ring finger and CCCH-type domains 1
ENSG00000136450	SRSF1	Srsf1	serine/arginine-rich  splicing factor 1
ENSG00000103495	MAZ	Maz	MYC-associated zinc finger protein (purine-binding transcription factor)
ENSG00000078687	TNRC6C	Tnrc6c	trinucleotide repeat containing 6C
ENSG00000163902	RPN1	Rpn1	ribophorin I
ENSG00000182134	TDRKH	Tdrkh	tudor and KH domain containing
ENSG00000104967	NOVA2	Nova2	neuro-oncological ventral antigen 2
ENSG00000162385	MAGOH	Magoh	mago-nashi homolog, proliferation- associated (Drosophila)
ENSG00000155660	PDIA4	Pdia4	protein disulfide isomerase family A, member 4
ENSG00000060688	SNRNP40	Snrnp40	small nuclear ribonucleoprotein 40kDa (U5)
ENSG00000071082	RPL31	Rpl31	ribosomal protein L31
ENSG00000062582	MRPS24	Mrps24	mitochondrial ribosomal protein S24
ENSG00000130119	GNL3L	Gnl3l	guanine nucleotide binding protein-like 3 (nucleolar)-like
ENSG00000184083	FAM120C	Fam120c	family with sequence similarity 120C
ENSG00000182768	NGRN	Ngrn	neugrin, neurite outgrowth associated
ENSG00000004478	FKBP4	Fkbp4	FK506 binding protein 4, 59kDa
ENSG00000168002	POLR2G	Polr2g	polymerase (RNA) II (DNA directed) polypeptide G
ENSG00000143569	UBAP2L	NA	ubiquitin associated protein 2-like
ENSG00000196419	XRCC6	Xrcc6	X-ray repair complementing defective repair in Chinese hamster cells 6
ENSG00000184672	RALYL	Ralyl	RALY RNA binding protein-like
ENSG00000172171	TEFM	Tefm	transcription elongation factor, mitochondrial
ENSG00000117877	CD3EAP	NA	CD3e molecule, epsilon associated protein
ENSG00000058673	ZC3H11A	Zc3h11a	zinc finger CCCH-type containing 11A
ENSG00000171824	EXOSC10	Exosc10	exosome component 10
ENSG00000023734	STRAP	Strap	serine/threonine kinase receptor associated protein
ENSG00000089195	TRMT6	Trmt6	tRNA methyltransferase 6 homolog (S. cerevisiae)
ENSG00000164985	PSIP1	Psip1	PC4 and SFRS1 interacting protein 1
ENSG00000178105	DDX10	Ddx10	DEAD (Asp-Glu-Ala-Asp) box polypeptide 10
ENSG00000125743	SNRPD2	Snrpd2	small nuclear ribonucleoprotein D2 polypeptide 16.5kDa
ENSG00000143947	RPS27A	Rps27a	ribosomal protein S27a
ENSG00000056097	ZFR	Zfr	zinc finger RNA binding protein
ENSG00000135486	HNRNPA1	NA	heterogeneous nuclear ribonucleoprotein A1
ENSG00000148773	MKI67	Mki67	antigen identified by monoclonal antibody Ki-67
ENSG00000089048	ESF1	Esf1	ESF1, nucleolar pre-rRNA processing protein, homolog (S. cerevisiae)
ENSG00000163239	TDRD10	NA	tudor domain containing 10
ENSG00000085719	CPNE3	Cpne3	copine III
ENSG00000165675	ENOX2	Enox2	ecto-NOX disulfide-thiol exchanger 2
ENSG00000128951	DUT	Dut	deoxyuridine triphosphatase
ENSG00000006744	ELAC2	Elac2	elaC homolog 2 (E. coli)
ENSG00000047849	MAP4	Map4	microtubule-associated  protein 4
ENSG00000090861	AARS	NA	alanyl-tRNA synthetase
ENSG00000196943	NOP9	Nop9	NOP9 nucleolar protein homolog (yeast)
ENSG00000165209	STRBP	Strbp	spermatid perinuclear RNA binding protein
ENSG00000148296	SURF6	Surf6	surfeit 6
ENSG00000113387	SUB1	Sub1	SUB1 homolog (S. cerevisiae)
ENSG00000188120	DAZ1	NA	deleted in azoospermia 1
ENSG00000137073	UBAP2	Ubap2	ubiquitin associated protein 2
ENSG00000015479	MATR3	Matr3	matrin 3
ENSG00000196924	FLNA	Flna	filamin A, alpha
ENSG00000172667	ZMAT3	Zmat3	zinc finger, matrin-type 3
ENSG00000100442	FKBP3	Fkbp3	FK506 binding protein 3, 25kDa
ENSG00000157349	DDX19B	Ddx19b	DEAD (Asp-Glu-Ala-Asp) box polypeptide 19B
ENSG00000001497	LAS1L	Las1l	LAS1-like (S. cerevisiae)
ENSG00000184209	SNRNP35	Snrnp35	small nuclear ribonucleoprotein 35kDa (U11/U12)
ENSG00000114867	EIF4G1	Eif4g1	eukaryotic translation initiation factor 4 gamma, 1
ENSG00000009307	CSDE1	Csde1	cold shock domain containing E1, RNA- binding
ENSG00000240682	ISY1	NA	ISY1 splicing factor homolog (S. cerevisiae)
ENSG00000169251	NMD3	Nmd3	NMD3 homolog (S. cerevisiae)
ENSG00000118197	DDX59	Ddx59	DEAD (Asp-Glu-Ala-Asp) box polypeptide 59
ENSG00000179172	HNRNPCL1	NA	heterogeneous nuclear ribonucleoprotein C-like 1
ENSG00000139546	TARBP2	Tarbp2	TAR (HIV-1) RNA binding protein 2
ENSG00000184357	HIST1H1B	NA	histone cluster 1, H1b
ENSG00000064703	DDX20	Ddx20	DEAD (Asp-Glu-Ala-Asp) box polypeptide 20
ENSG00000155363	MOV10	Mov10	Mov10, Moloney leukemia virus 10, homolog (mouse)
ENSG00000241945	PWP2	NA	PWP2 periodic tryptophan protein homolog (yeast)
ENSG00000159352	PSMD4	Psmd4	proteasome (prosome, macropain) 26S subunit, non-ATPase, 4
ENSG00000134684	YARS	NA	tyrosyl-tRNA synthetase
ENSG00000173627	APOBEC4	Apobec4	apolipoprotein B mRNA editing enzyme, catalytic polypeptide-like 4 (putative)
ENSG00000150316	CWC15	Cwc15	CWC15 spliceosome-associated  protein homolog (S. cerevisiae)
ENSG00000183011	LSMD1	NA	LSM domain containing 1
ENSG00000197265	GTF2E2	Gtf2e2	general transcription factor IIE, polypeptide 2, beta 34kDa
ENSG00000214753	HNRNPUL2	Hnrnpul2	heterogeneous nuclear ribonucleoprotein U-like 2
ENSG00000065243	PKN2	Pkn2	protein kinase N2
ENSG00000059573	ALDH18A1	Aldh18a1	aldehyde dehydrogenase 18 family, member A1
ENSG00000125870	SNRPB2	Snrpb2	small nuclear ribonucleoprotein polypeptide B
ENSG00000167088	SNRPD1	Snrpd1	small nuclear ribonucleoprotein D1 polypeptide 16kDa
ENSG00000177885	GRB2	Grb2	growth factor receptor-bound protein 2
ENSG00000071794	HLTF	Hltf	helicase-like transcription factor
ENSG00000165732	DDX21	Ddx21	DEAD (Asp-Glu-Ala-Asp) box helicase 21
ENSG00000113460	BRIX1	Brix1	BRX1, biogenesis of ribosomes, homolog (S. cerevisiae)
ENSG00000132275	RRP8	Rrp8	ribosomal RNA processing 8, methyltransferase, homolog (yeast)
ENSG00000099622	CIRBP	Cirbp	cold inducible RNA binding protein
ENSG00000107937	GTPBP4	Gtpbp4	GTP binding protein 4
ENSG00000278053	DDX52	Ddx52	DEAD (Asp-Glu-Ala-Asp) box polypeptide 52
ENSG00000137154	RPS6	Rps6	ribosomal protein S6
ENSG00000109111	SUPT6H	Supt6	suppressor of Ty 6 homolog (S. cerevisiae)
ENSG00000153944	MSI2	Msi2	musashi homolog 2 (Drosophila)
ENSG00000106355	LSM5	Lsm5	LSM5 homolog, U6 small nuclear RNA associated (S. cerevisiae)
ENSG00000105447	GRWD1	Grwd1	glutamate-rich WD repeat containing 1
ENSG00000174173	TRMT10C	Trmt10c	tRNA methyltransferase 10 homolog C (S. cerevisiae)
ENSG00000127022	CANX	Canx	calnexin
ENSG00000072518	MARK2	Mark2	MAP/microtubule affinity-regulating kinase 2
ENSG00000106246	PTCD1	NA	pentatricopeptide repeat domain 1
ENSG00000160679	CHTOP	NA	chromatin target of PRMT1
ENSG00000117569	PTBP2	Ptbp2	polypyrimidine tract binding protein 2
ENSG00000183684	ALYREF	NA	Aly/REF export factor
ENSG00000102738	MRPS31	Mrps31	mitochondrial ribosomal protein S31
ENSG00000165119	HNRNPK	Hnrnpk	heterogeneous nuclear ribonucleoprotein K
ENSG00000179041	RRS1	Rrs1	RRS1 ribosome biogenesis regulator homolog (S. cerevisiae)
ENSG00000132485	ZRANB2	NA	zinc finger, RAN-binding domain containing 2
ENSG00000154719	MRPL39	Mrpl39	mitochondrial ribosomal protein L39
ENSG00000086189	DIMT1	Dimt1	DIM1 dimethyladenosine  transferase 1 homolog (S. cerevisiae)
ENSG00000107651	SEC23IP	Sec23ip	SEC23 interacting protein
ENSG00000117597	DIEXF	NA	digestive organ expansion factor homolog (zebrafish)
ENSG00000139718	SETD1B	NA	SET domain containing 1B
ENSG00000076928	ARHGEF1	Arhgef1	Rho guanine nucleotide exchange factor (GEF) 1
ENSG00000155307	SAMSN1	Samsn1	SAM domain, SH3 domain and nuclear localization signals 1
ENSG00000099821	POLRMT	Polrmt	polymerase (RNA) mitochondrial (DNA directed)
ENSG00000121057	AKAP1	Akap1	A kinase (PRKA) anchor protein 1
ENSG00000137656	BUD13	Bud13	BUD13 homolog (S. cerevisiae)
ENSG00000109832	DDX25	Ddx25	DEAD (Asp-Glu-Ala-Asp) box helicase 25
ENSG00000105793	GTPBP10	Gtpbp10	GTP-binding protein 10 (putative)
ENSG00000067225	PKM	Pkm	pyruvate kinase, muscle
ENSG00000269405	NXF2	Nxf2	nuclear RNA export factor 2
ENSG00000171861	RNMTL1	NA	RNA methyltransferase like 1
ENSG00000166794	PPIB	Ppib	peptidylprolyl isomerase B (cyclophilin B)
ENSG00000163694	RBM47	Rbm47	RNA binding motif protein 47
ENSG00000153037	SRP19	Srp19	signal recognition particle 19kDa
ENSG00000119705	SLIRP	Slirp	SRA stem-loop interacting RNA binding protein
ENSG00000111144	LTA4H	Lta4h	leukotriene A4 hydrolase
ENSG00000143748	NVL	Nvl	nuclear VCP-like
ENSG00000119314	PTBP3	Ptbp3	polypyrimidine tract binding protein 3
ENSG00000134597	RBMX2	Rbmx2	RNA binding motif protein, X-linked 2
ENSG00000149273	RPS3	Rps3	ribosomal protein S3
ENSG00000196116	TDRD7	Tdrd7	tudor domain containing 7
ENSG00000104852	SNRNP70	Snrnp70	small nuclear ribonucleoprotein 70kDa (U1)
ENSG00000123737	EXOSC9	Exosc9	exosome component 9
ENSG00000147679	UTP23	Utp23	UTP23, small subunit (SSU) processome component, homolog (yeast)
ENSG00000205937	RNPS1	Rnps1	RNA binding protein S1, serine-rich domain
ENSG00000178718	RPP25	Rpp25	ribonuclease P/MRP 25kDa subunit
ENSG00000116001	TIA1	Tia1	TIA1 cytotoxic granule-associated  RNA binding protein
ENSG00000175324	LSM1	Lsm1	LSM1 homolog, U6 small nuclear RNA associated (S. cerevisiae)
ENSG00000179604	CDC42EP4	Cdc42ep4	CDC42 effector protein (Rho GTPase binding) 4
ENSG00000162437	RAVER2	Raver2	ribonucleoprotein, PTB-binding 2
ENSG00000115816	CEBPZ	Cebpz	CCAAT/enhancer binding protein (C/EBP), zeta
ENSG00000205542	TMSB4X	NA	thymosin beta 4, X-linked
ENSG00000198042	MAK16	Mak16	MAK16 homolog (S. cerevisiae)
ENSG00000178209	PLEC	Plec	plectin
ENSG00000115541	HSPE1	Hspe1	heat shock 10kDa protein 1 (chaperonin 10)
ENSG00000162076	FLYWCH2	Flywch2	FLYWCH family member 2
ENSG00000182944	EWSR1	NA	Ewing sarcoma breakpoint region 1
ENSG00000130985	UBA1	Uba1	ubiquitin-like modifier activating enzyme 1
ENSG00000167281	RBFOX3	NA	RNA binding protein, fox-1 homolog (C. elegans) 3
ENSG00000100298	APOBEC3H	NA	apolipoprotein B mRNA editing enzyme, catalytic polypeptide-like 3H
ENSG00000167315	ACAA2	Acaa2	acetyl-CoA acyltransferase 2
ENSG00000132463	GRSF1	Grsf1	G-rich RNA sequence binding factor 1
ENSG00000115310	RTN4	Rtn4	reticulon 4
ENSG00000139675	HNRNPA1L2	NA	heterogeneous nuclear ribonucleoprotein A1-like 2
ENSG00000075618	FSCN1	Fscn1	fascin homolog 1, actin-bundling protein (Strongylocentrotus  purpuratus)
ENSG00000101161	PRPF6	Prpf6	PRP6 pre-mRNA processing factor 6 homolog (S. cerevisiae)
ENSG00000163214	DHX57	Dhx57	DEAH (Asp-Glu-Ala-Asp/His)  box polypeptide 57
ENSG00000189403	HMGB1	NA	high mobility group box 1
ENSG00000164134	NAA15	Naa15	N(alpha)-acetyltransferase 15, NatA auxiliary subunit
ENSG00000124196	GTSF1L	Gtsf1l	gametocyte specific factor 1-like
ENSG00000203909	DPPA5	Dppa5a	developmental pluripotency associated 5
ENSG00000143889	HNRPLL	NA	heterogeneous nuclear ribonucleoprotein L-like
ENSG00000100461	RBM23	NA	RNA binding motif protein 23
ENSG00000205323	SARNP	Sarnp	SAP domain containing ribonucleoprotein
ENSG00000099942	CRKL	Crkl	v-crk sarcoma virus CT10 oncogene homolog (avian)-like
ENSG00000264176	MAGOH3P	NA	mago-nashi homolog 2, proliferation- associated (Drosophila), pseudogene
ENSG00000183496	MEX3B	Mex3b	mex-3 homolog B (C. elegans)
ENSG00000065526	SPEN	Spen	spen homolog, transcriptional regulator (Drosophila)
ENSG00000104356	POP1	Pop1	processing of precursor 1, ribonuclease P/MRP subunit (S. cerevisiae)
ENSG00000134283	PPHLN1	Pphln1	periphilin 1
ENSG00000152670	DDX4	Ddx4	DEAD (Asp-Glu-Ala-Asp) box polypeptide 4
ENSG00000083312	TNPO1	Tnpo1	transportin 1
ENSG00000152795	HNRPDL	NA	heterogeneous nuclear ribonucleoprotein D-like
ENSG00000124193	SRSF6	Srsf6	serine/arginine-rich  splicing factor 6
ENSG00000108883	EFTUD2	Eftud2	elongation factor Tu GTP binding domain containing 2
ENSG00000162642	C1orf52	NA	chromosome 1 open reading frame 52
ENSG00000140319	SRP14	Srp14	signal recognition particle 14kDa (homologous Alu RNA binding protein)
ENSG00000142864	SERBP1	Serbp1	SERPINE1 mRNA binding protein 1
ENSG00000174231	PRPF8	Prpf8	PRP8 pre-mRNA processing factor 8 homolog (S. cerevisiae)
ENSG00000074201	CLNS1A	Clns1a	chloride channel, nucleotide-sensitive, 1A
ENSG00000148300	REXO4	Rexo4	REX4, RNA exonuclease 4 homolog (S. cerevisiae)
ENSG00000130811	EIF3G	Eif3g	eukaryotic translation initiation factor 3, subunit G
ENSG00000164252	AGGF1	Aggf1	angiogenic factor with G patch and FHA domains 1
ENSG00000240522	RPL7AP10	NA	ribosomal protein L7a pseudogene 10
ENSG00000138385	SSB	Ssb	Sjogren syndrome antigen B (autoantigen La)
ENSG00000119446	RBM18	Rbm18	RNA binding motif protein 18
ENSG00000156304	SCAF4	Scaf4	SR-related CTD-associated factor 4
ENSG00000163938	GNL3	Gnl3	guanine nucleotide binding protein-like 3 (nucleolar)
ENSG00000087274	ADD1	Add1	adducin 1 (alpha)
ENSG00000119812	FAM98A	Fam98a	family with sequence similarity 98, member A
ENSG00000155636	RBM45	Rbm45	RNA binding motif protein 45
ENSG00000077312	SNRPA	NA	small nuclear ribonucleoprotein polypeptide A
ENSG00000204628	GNB2L1	NA	guanine nucleotide binding protein (G protein), beta polypeptide 2-like 1
ENSG00000112578	BYSL	Bysl	bystin-like
ENSG00000147677	EIF3H	Eif3h	eukaryotic translation initiation factor 3, subunit H
ENSG00000213079	SCAF8	Scaf8	SR-related CTD-associated factor 8
ENSG00000168872	DDX19A	Ddx19a	DEAD (Asp-Glu-Ala-Asp) box polypeptide 19A
ENSG00000254726	MEX3A	Mex3a	mex-3 homolog A (C. elegans)
ENSG00000126749	EMG1	Emg1	EMG1 nucleolar protein homolog (S. cerevisiae)
ENSG00000109819	PPARGC1A	Ppargc1a	peroxisome proliferator-activated receptor gamma, coactivator 1 alpha
ENSG00000011243	AKAP8L	Akap8l	A kinase (PRKA) anchor protein 8-like
ENSG00000183520	UTP11L	NA	UTP11-like, U3 small nucleolar ribonucleoprotein, (yeast)
ENSG00000179335	CLK3	Clk3	CDC-like kinase 3
ENSG00000139746	RBM26	Rbm26	RNA binding motif protein 26
ENSG00000148840	PPRC1	Pprc1	peroxisome proliferator-activated receptor gamma, coactivator-related 1
ENSG00000149016	TUT1	Tut1	terminal uridylyl transferase 1, U6 snRNA-specific
ENSG00000114416	FXR1	Fxr1	fragile X mental retardation, autosomal homolog 1
ENSG00000113360	DROSHA	Drosha	drosha, ribonuclease type III
ENSG00000086589	RBM22	Rbm22	RNA binding motif protein 22
ENSG00000108256	NUFIP2	Nufip2	nuclear fragile X mental retardation protein interacting protein 2
ENSG00000127804	METTL16	Mettl16	methyltransferase like 16
ENSG00000144029	MRPS5	Mrps5	mitochondrial ribosomal protein S5
ENSG00000145425	RPS3A	NA	ribosomal protein S3A
ENSG00000147206	NXF3	Nxf3	nuclear RNA export factor 3
ENSG00000107625	DDX50	Ddx50	DEAD (Asp-Glu-Ala-Asp) box polypeptide 50
ENSG00000100129	EIF3L	Eif3l	eukaryotic translation initiation factor 3, subunit L
ENSG00000100097	LGALS1	Lgals1	lectin, galactoside-binding,  soluble, 1
ENSG00000108064	TFAM	Tfam	transcription factor A, mitochondrial
ENSG00000137815	RTF1	Rtf1	Rtf1, Paf1/RNA polymerase II complex component, homolog (S. cerevisiae)
ENSG00000090097	PCBP4	Pcbp4	poly(rC) binding protein 4
ENSG00000161813	LARP4	Larp4	La ribonucleoprotein domain family, member 4
ENSG00000092199	HNRNPC	Hnrnpc	heterogeneous nuclear ribonucleoprotein C (C1/C2)
ENSG00000130402	ACTN4	Actn4	actinin, alpha 4
ENSG00000196141	SPATS2L	Spats2l	spermatogenesis associated, serine- rich 2-like
ENSG00000123136	DDX39A	NA	DEAD (Asp-Glu-Ala-Asp) box polypeptide 39A
ENSG00000114503	NCBP2	Ncbp2	nuclear cap binding protein subunit 2, 20kDa
ENSG00000068394	GPKOW	Gpkow	G patch domain and KOW motifs
ENSG00000125107	CNOT1	Cnot1	CCR4-NOT transcription complex, subunit 1
